,SampleID,old_SampleID,CowIndex,SamplingDay,Improved_bins,Diet,digitized_diet,DeliveryMode,Digitized_DeliveryMode,DeliveryDate,Sex,MotherPart,SampleType,Description,R1,R2
0,4_2,10218,4,2,1,Colostrum,1,N,1,16.1.13,F,1,RUC,RUC_sx:F_dm:N_cid:4_s:10218_d:2,/Volumes/hdd0620/rumen_microbiome_data/mizrahi_lab_files/fastq/pool2/4_2_CTCTCTAC-TCGACTAG_L002_R1_001.fastq.gz,/Volumes/hdd0620/rumen_microbiome_data/mizrahi_lab_files/fastq/pool2/4_2_CTCTCTAC-TCGACTAG_L002_R2_001.fastq.gz
1,4_5,10175,4,5,4,Starter_mixture+Milk_replacer,2,N,1,16.1.13,F,1,RUC,RUC_sx:F_dm:N_cid:4_s:10175_d:5,/Volumes/hdd0620/rumen_microbiome_data/mizrahi_lab_files/fastq/pool4/4_5_CTCTCTAC-TTATGCGA_L004_R1_001.fastq.gz,/Volumes/hdd0620/rumen_microbiome_data/mizrahi_lab_files/fastq/pool4/4_5_CTCTCTAC-TTATGCGA_L004_R2_001.fastq.gz
2,4_15,10183,4,15,8,Starter_mixture+Milk_replacer,2,N,1,16.1.13,F,1,RUC,RUC_sx:F_dm:N_cid:4_s:10183_d:15,/Volumes/hdd0620/rumen_microbiome_data/mizrahi_lab_files/fastq/pool2/4_15_TAGCGCTC-TCGACTAG_L002_R1_001.fastq.gz,/Volumes/hdd0620/rumen_microbiome_data/mizrahi_lab_files/fastq/pool2/4_15_TAGCGCTC-TCGACTAG_L002_R2_001.fastq.gz
3,4_22,10291,4,22,9,Starter_mixture+Milk_replacer,2,N,1,16.1.13,F,1,RUC,RUC_sx:F_dm:N_cid:4_s:10291_d:22,/Volumes/hdd0620/rumen_microbiome_data/mizrahi_lab_files/fastq/pool2/4_22_TAGGCATG-TTATGCGA_L002_R1_001.fastq.gz,/Volumes/hdd0620/rumen_microbiome_data/mizrahi_lab_files/fastq/pool2/4_22_TAGGCATG-TTATGCGA_L002_R2_001.fastq.gz
4,4_51,1006,4,51,13,Starter_mixture+Milk_replacer,2,N,1,16.1.13,F,1,RUC,RUC_sx:F_dm:N_cid:4_s:1006_d:51,/Volumes/hdd0620/rumen_microbiome_data/mizrahi_lab_files/fastq/pool2/4_51_TAGGCATG-TCGACTAG_L002_R1_001.fastq.gz,/Volumes/hdd0620/rumen_microbiome_data/mizrahi_lab_files/fastq/pool2/4_51_TAGGCATG-TCGACTAG_L002_R2_001.fastq.gz
5,4_68,11159,4,68,15,Starter_mixture,3,N,1,16.1.13,F,1,RUC,RUC_sx:F_dm:N_cid:4_s:11159_d:68,/Volumes/hdd0620/rumen_microbiome_data/mizrahi_lab_files/fastq/pool3/4_68_CGTACTAG-GCGTAAGA_L003_R1_001.fastq.gz,/Volumes/hdd0620/rumen_microbiome_data/mizrahi_lab_files/fastq/pool3/4_68_CGTACTAG-GCGTAAGA_L003_R2_001.fastq.gz
6,4_98,1272,4,98,19,Low Fiber Diet,4,N,1,16.1.13,F,1,RUC,RUC_sx:F_dm:N_cid:4_s:1272_d:98,/Volumes/hdd0620/rumen_microbiome_data/mizrahi_lab_files/fastq/pool3/4_98_CTCTCTAC-TATCCTCT_L003_R1_001.fastq.gz,/Volumes/hdd0620/rumen_microbiome_data/mizrahi_lab_files/fastq/pool3/4_98_CTCTCTAC-TATCCTCT_L003_R2_001.fastq.gz
7,4_127,1286,4,127,23,Low Fiber Diet,4,N,1,16.1.13,F,1,RUC,RUC_sx:F_dm:N_cid:4_s:1286_d:127,/Volumes/hdd0620/rumen_microbiome_data/mizrahi_lab_files/fastq/pool3/4_127_GCTCATGA-TCGACTAG_L003_R1_001.fastq.gz,/Volumes/hdd0620/rumen_microbiome_data/mizrahi_lab_files/fastq/pool3/4_127_GCTCATGA-TCGACTAG_L003_R2_001.fastq.gz
8,4_147,10135,4,147,26,Low Fiber Diet,4,N,1,16.1.13,F,1,RUC,RUC_sx:F_dm:N_cid:4_s:10135_d:147,/Volumes/hdd0620/rumen_microbiome_data/mizrahi_lab_files/fastq/pool4/4_147_TAGGCATG-TTATGCGA_L004_R1_001.fastq.gz,/Volumes/hdd0620/rumen_microbiome_data/mizrahi_lab_files/fastq/pool4/4_147_TAGGCATG-TTATGCGA_L004_R2_001.fastq.gz
9,4_168,1312,4,168,29,Low Fiber Diet,4,N,1,16.1.13,F,1,RUC,RUC_sx:F_dm:N_cid:4_s:1312_d:168,/Volumes/hdd0620/rumen_microbiome_data/mizrahi_lab_files/fastq/pool3/4_168_CGTACTAG-TCGACTAG_L003_R1_001.fastq.gz,/Volumes/hdd0620/rumen_microbiome_data/mizrahi_lab_files/fastq/pool3/4_168_CGTACTAG-TCGACTAG_L003_R2_001.fastq.gz
10,4_204,11704,4,204,34,High Fiber Diet,5,N,1,16.1.13,F,1,RUC,RUC_sx:F_dm:N_cid:4_s:11704_d:204,/Volumes/hdd0620/rumen_microbiome_data/mizrahi_lab_files/fastq/pool4/4_204_TAGCGCTC-GCGTAAGA_L004_R1_001.fastq.gz,/Volumes/hdd0620/rumen_microbiome_data/mizrahi_lab_files/fastq/pool4/4_204_TAGCGCTC-GCGTAAGA_L004_R2_001.fastq.gz
11,4_412,11554,4,412,51,High Fiber Diet,5,N,1,16.1.13,F,1,RUC,RUC_sx:F_dm:N_cid:4_s:11554_d:412,/Volumes/hdd0620/rumen_microbiome_data/mizrahi_lab_files/fastq/pool4/4_412_GTAGAGGA-GCGTAAGA_L004_R1_001.fastq.gz,/Volumes/hdd0620/rumen_microbiome_data/mizrahi_lab_files/fastq/pool4/4_412_GTAGAGGA-GCGTAAGA_L004_R2_001.fastq.gz
12,7_2,15,7,2,1,Colostrum,1,N,1,22.1.13,F,1,RUC,RUC_sx:F_dm:N_cid:7_s:15_d:2,/Volumes/hdd0620/rumen_microbiome_data/mizrahi_lab_files/fastq/pool2/7_2_TAGCGCTC-CGTCTAAT_L002_R1_001.fastq.gz,/Volumes/hdd0620/rumen_microbiome_data/mizrahi_lab_files/fastq/pool2/7_2_TAGCGCTC-CGTCTAAT_L002_R2_001.fastq.gz
13,7_6,10178,7,6,5,Starter_mixture+Milk_replacer,2,N,1,22.1.13,F,1,RUC,RUC_sx:F_dm:N_cid:7_s:10178_d:6,/Volumes/hdd0620/rumen_microbiome_data/mizrahi_lab_files/fastq/pool2/7_6_CGGAGCCT-GCGTAAGA_L002_R1_001.fastq.gz,/Volumes/hdd0620/rumen_microbiome_data/mizrahi_lab_files/fastq/pool2/7_6_CGGAGCCT-GCGTAAGA_L002_R2_001.fastq.gz
14,7_9,10221,7,9,6,Starter_mixture+Milk_replacer,2,N,1,22.1.13,F,1,RUC,RUC_sx:F_dm:N_cid:7_s:10221_d:9,/Volumes/hdd0620/rumen_microbiome_data/mizrahi_lab_files/fastq/pool4/7_9_GGACTCCT-CGTCTAAT_L004_R1_001.fastq.gz,/Volumes/hdd0620/rumen_microbiome_data/mizrahi_lab_files/fastq/pool4/7_9_GGACTCCT-CGTCTAAT_L004_R2_001.fastq.gz
15,7_15,10186,7,15,8,Starter_mixture+Milk_replacer,2,N,1,22.1.13,F,1,RUC,RUC_sx:F_dm:N_cid:7_s:10186_d:15,/Volumes/hdd0620/rumen_microbiome_data/mizrahi_lab_files/fastq/pool2/7_15_GGACTCCT-CGTCTAAT_L002_R1_001.fastq.gz,/Volumes/hdd0620/rumen_microbiome_data/mizrahi_lab_files/fastq/pool2/7_15_GGACTCCT-CGTCTAAT_L002_R2_001.fastq.gz
16,7_18,10290,7,18,9,Starter_mixture+Milk_replacer,2,N,1,22.1.13,F,1,RUC,RUC_sx:F_dm:N_cid:7_s:10290_d:20,/Volumes/hdd0620/rumen_microbiome_data/mizrahi_lab_files/fastq/pool4/7_18_GGACTCCT-CCTAGAGT_L004_R1_001.fastq.gz,/Volumes/hdd0620/rumen_microbiome_data/mizrahi_lab_files/fastq/pool4/7_18_GGACTCCT-CCTAGAGT_L004_R2_001.fastq.gz
17,7_22,312,7,22,9,Starter_mixture+Milk_replacer,2,N,1,22.1.13,F,1,RUC,RUC_sx:F_dm:N_cid:7_s:312_d:22,/Volumes/hdd0620/rumen_microbiome_data/mizrahi_lab_files/fastq/pool2/7_22_GTAGAGGA-TCGACTAG_L002_R1_001.fastq.gz,/Volumes/hdd0620/rumen_microbiome_data/mizrahi_lab_files/fastq/pool2/7_22_GTAGAGGA-TCGACTAG_L002_R2_001.fastq.gz
18,7_50,1009,7,50,13,Starter_mixture+Milk_replacer,2,N,1,22.1.13,F,1,RUC,RUC_sx:F_dm:N_cid:7_s:1009_d:50,/Volumes/hdd0620/rumen_microbiome_data/mizrahi_lab_files/fastq/pool2/7_50_GCTCATGA-GCGTAAGA_L002_R1_001.fastq.gz,/Volumes/hdd0620/rumen_microbiome_data/mizrahi_lab_files/fastq/pool2/7_50_GCTCATGA-GCGTAAGA_L002_R2_001.fastq.gz
19,7_68,11067,7,68,15,Starter_mixture,3,N,1,22.1.13,F,1,RUC,RUC_sx:F_dm:N_cid:7_s:11067_d:68,/Volumes/hdd0620/rumen_microbiome_data/mizrahi_lab_files/fastq/pool3/7_68_AGGCAGAA-ACTGCATA_L003_R1_001.fastq.gz,/Volumes/hdd0620/rumen_microbiome_data/mizrahi_lab_files/fastq/pool3/7_68_AGGCAGAA-ACTGCATA_L003_R2_001.fastq.gz
20,7_99,11275,7,99,19,Low Fiber Diet,4,N,1,22.1.13,F,1,RUC,RUC_sx:F_dm:N_cid:7_s:11275_d:99,/Volumes/hdd0620/rumen_microbiome_data/mizrahi_lab_files/fastq/pool3/7_99_GTAGAGGA-CCTAGAGT_L003_R1_001.fastq.gz,/Volumes/hdd0620/rumen_microbiome_data/mizrahi_lab_files/fastq/pool3/7_99_GTAGAGGA-CCTAGAGT_L003_R2_001.fastq.gz
21,7_128,1173,7,128,23,Low Fiber Diet,4,N,1,22.1.13,F,1,RUC,RUC_sx:F_dm:N_cid:7_s:1173_d:128,/Volumes/hdd0620/rumen_microbiome_data/mizrahi_lab_files/fastq/pool3/7_128_CGAGGCTG-CGTCTAAT_L003_R1_001.fastq.gz,/Volumes/hdd0620/rumen_microbiome_data/mizrahi_lab_files/fastq/pool3/7_128_CGAGGCTG-CGTCTAAT_L003_R2_001.fastq.gz
22,7_169,1315,7,169,29,Low Fiber Diet,4,N,1,22.1.13,F,1,RUC,RUC_sx:F_dm:N_cid:7_s:1315_d:169,/Volumes/hdd0620/rumen_microbiome_data/mizrahi_lab_files/fastq/pool3/7_169_AGGCAGAA-CGTCTAAT_L003_R1_001.fastq.gz,/Volumes/hdd0620/rumen_microbiome_data/mizrahi_lab_files/fastq/pool3/7_169_AGGCAGAA-CGTCTAAT_L003_R2_001.fastq.gz
23,7_205,1709,7,205,34,High Fiber Diet,5,N,1,22.1.13,F,1,RUC,RUC_sx:F_dm:N_cid:7_s:1709_d:205,/Volumes/hdd0620/rumen_microbiome_data/mizrahi_lab_files/fastq/pool4/7_205_GGACTCCT-ACTGCATA_L004_R1_001.fastq.gz,/Volumes/hdd0620/rumen_microbiome_data/mizrahi_lab_files/fastq/pool4/7_205_GGACTCCT-ACTGCATA_L004_R2_001.fastq.gz
24,7_406,11563,7,406,51,High Fiber Diet,5,N,1,22.1.13,F,1,RUC,RUC_sx:F_dm:N_cid:7_s:11563_d:406,/Volumes/hdd0620/rumen_microbiome_data/mizrahi_lab_files/fastq/pool4/7_406_CGGAGCCT-ACTGCATA_L004_R1_001.fastq.gz,/Volumes/hdd0620/rumen_microbiome_data/mizrahi_lab_files/fastq/pool4/7_406_CGGAGCCT-ACTGCATA_L004_R2_001.fastq.gz
25,7_686,11608,7,686,55,High Fiber Diet,5,N,1,22.1.13,F,1,RUC,RUC_sx:F_dm:N_cid:7_s:11608_d:686,/Volumes/hdd0620/rumen_microbiome_data/mizrahi_lab_files/fastq/pool4/7_686_CGGAGCCT-GTAAGGAG_L004_R1_001.fastq.gz,/Volumes/hdd0620/rumen_microbiome_data/mizrahi_lab_files/fastq/pool4/7_686_CGGAGCCT-GTAAGGAG_L004_R2_001.fastq.gz
26,7_755,1727,7,755,56,Low Fiber Diet,6,N,1,22.1.13,F,1,RUC,RUC_sx:F_dm:N_cid:7_s:1727_d:755,/Volumes/hdd0620/rumen_microbiome_data/mizrahi_lab_files/fastq/pool4/7_755_GGACTCCT-TCGACTAG_L004_R1_001.fastq.gz,/Volumes/hdd0620/rumen_microbiome_data/mizrahi_lab_files/fastq/pool4/7_755_GGACTCCT-TCGACTAG_L004_R2_001.fastq.gz
27,12_2,10247,12,2,1,Colostrum,1,C,2,5.2.13,F,0,RUC,RUC_sx:F_dm:C_cid:12_s:10247_d:2,/Volumes/hdd0620/rumen_microbiome_data/mizrahi_lab_files/fastq/pool2/12_2_GTAGAGGA-ACTGCATA_L002_R1_001.fastq.gz,/Volumes/hdd0620/rumen_microbiome_data/mizrahi_lab_files/fastq/pool2/12_2_GTAGAGGA-ACTGCATA_L002_R2_001.fastq.gz
28,12_6,10202,12,6,5,Starter_mixture+Milk_replacer,2,C,2,5.2.13,F,0,RUC,RUC_sx:F_dm:C_cid:12_s:10202_d:6,/Volumes/hdd0620/rumen_microbiome_data/mizrahi_lab_files/fastq/pool4/12_6_AAGAGGCA-GCGTAAGA_L004_R1_001.fastq.gz,/Volumes/hdd0620/rumen_microbiome_data/mizrahi_lab_files/fastq/pool4/12_6_AAGAGGCA-GCGTAAGA_L004_R2_001.fastq.gz
29,12_15,28,12,15,8,Starter_mixture+Milk_replacer,2,C,2,5.2.13,F,0,RUC,RUC_sx:F_dm:C_cid:12_s:28_d:15,/Volumes/hdd0620/rumen_microbiome_data/mizrahi_lab_files/fastq/pool2/12_15_CTCTCTAC-TTATGCGA_L002_R1_001.fastq.gz,/Volumes/hdd0620/rumen_microbiome_data/mizrahi_lab_files/fastq/pool2/12_15_CTCTCTAC-TTATGCGA_L002_R2_001.fastq.gz
30,12_23,10336,12,23,9,Starter_mixture+Milk_replacer,2,C,2,5.2.13,F,0,RUC,RUC_sx:F_dm:C_cid:12_s:10336_d:23,/Volumes/hdd0620/rumen_microbiome_data/mizrahi_lab_files/fastq/pool2/12_23_CGGAGCCT-CGTCTAAT_L002_R1_001.fastq.gz,/Volumes/hdd0620/rumen_microbiome_data/mizrahi_lab_files/fastq/pool2/12_23_CGGAGCCT-CGTCTAAT_L002_R2_001.fastq.gz
31,12_50,1055,12,50,13,Starter_mixture+Milk_replacer,2,C,2,5.2.13,F,0,RUC,RUC_sx:F_dm:C_cid:12_s:1055_d:50,/Volumes/hdd0620/rumen_microbiome_data/mizrahi_lab_files/fastq/pool2/12_50_CGAGGCTG-ACTGCATA_L002_R1_001.fastq.gz,/Volumes/hdd0620/rumen_microbiome_data/mizrahi_lab_files/fastq/pool2/12_50_CGAGGCTG-ACTGCATA_L002_R2_001.fastq.gz
32,12_68,11074,12,68,15,Starter_mixture,3,C,2,5.2.13,F,0,RUC,RUC_sx:F_dm:C_cid:12_s:11074_d:68,/Volumes/hdd0620/rumen_microbiome_data/mizrahi_lab_files/fastq/pool3/12_68_GGACTCCT-TATCCTCT_L003_R1_001.fastq.gz,/Volumes/hdd0620/rumen_microbiome_data/mizrahi_lab_files/fastq/pool3/12_68_GGACTCCT-TATCCTCT_L003_R2_001.fastq.gz
33,12_100,1124,12,100,19,Low Fiber Diet,4,C,2,5.2.13,F,0,RUC,RUC_sx:F_dm:C_cid:12_s:1124_d:100,/Volumes/hdd0620/rumen_microbiome_data/mizrahi_lab_files/fastq/pool3/12_100_AAGAGGCA-CGTCTAAT_L003_R1_001.fastq.gz,/Volumes/hdd0620/rumen_microbiome_data/mizrahi_lab_files/fastq/pool3/12_100_AAGAGGCA-CGTCTAAT_L003_R2_001.fastq.gz
34,12_114,10119,12,114,21,Low Fiber Diet,4,C,2,5.2.13,F,0,RUC,RUC_sx:F_dm:C_cid:12_s:10119_d:114,/Volumes/hdd0620/rumen_microbiome_data/mizrahi_lab_files/fastq/pool4/12_114_CGGAGCCT-CGTCTAAT_L004_R1_001.fastq.gz,/Volumes/hdd0620/rumen_microbiome_data/mizrahi_lab_files/fastq/pool4/12_114_CGGAGCCT-CGTCTAAT_L004_R2_001.fastq.gz
35,12_127,1126,12,127,23,Low Fiber Diet,4,C,2,5.2.13,F,0,RUC,RUC_sx:F_dm:C_cid:12_s:1126_d:127,/Volumes/hdd0620/rumen_microbiome_data/mizrahi_lab_files/fastq/pool3/12_127_AAGAGGCA-TTATGCGA_L003_R1_001.fastq.gz,/Volumes/hdd0620/rumen_microbiome_data/mizrahi_lab_files/fastq/pool3/12_127_AAGAGGCA-TTATGCGA_L003_R2_001.fastq.gz
36,12_170,1131,12,170,29,Low Fiber Diet,4,C,2,5.2.13,F,0,RUC,RUC_sx:F_dm:C_cid:12_s:1131_d:170,/Volumes/hdd0620/rumen_microbiome_data/mizrahi_lab_files/fastq/pool3/12_170_CTCTCTAC-ACTGCATA_L003_R1_001.fastq.gz,/Volumes/hdd0620/rumen_microbiome_data/mizrahi_lab_files/fastq/pool3/12_170_CTCTCTAC-ACTGCATA_L003_R2_001.fastq.gz
37,12_205,11694,12,205,34,High Fiber Diet,5,C,2,5.2.13,F,0,RUC,RUC_sx:F_dm:C_cid:12_s:11694_d:205,/Volumes/hdd0620/rumen_microbiome_data/mizrahi_lab_files/fastq/pool4/12_205_CTCTCTAC-GTAAGGAG_L004_R1_001.fastq.gz,/Volumes/hdd0620/rumen_microbiome_data/mizrahi_lab_files/fastq/pool4/12_205_CTCTCTAC-GTAAGGAG_L004_R2_001.fastq.gz
38,12_413,11575,12,413,51,High Fiber Diet,5,C,2,5.2.13,F,0,RUC,RUC_sx:F_dm:C_cid:12_s:11575_d:413,/Volumes/hdd0620/rumen_microbiome_data/mizrahi_lab_files/fastq/pool4/12_413_CGAGGCTG-TATCCTCT_L004_R1_001.fastq.gz,/Volumes/hdd0620/rumen_microbiome_data/mizrahi_lab_files/fastq/pool4/12_413_CGAGGCTG-TATCCTCT_L004_R2_001.fastq.gz
39,12_763,11738,12,763,57,Low Fiber Diet,6,C,2,5.2.13,F,0,RUC,RUC_sx:F_dm:C_cid:12_s:11738_d:763,/Volumes/hdd0620/rumen_microbiome_data/mizrahi_lab_files/fastq/pool4/12_763_CGGAGCCT-GCGTAAGA_L004_R1_001.fastq.gz,/Volumes/hdd0620/rumen_microbiome_data/mizrahi_lab_files/fastq/pool4/12_763_CGGAGCCT-GCGTAAGA_L004_R2_001.fastq.gz
40,13_4,29,13,4,3,Starter_mixture+Milk_replacer,2,N,1,11.2.13,F,1,RUC,RUC_sx:F_dm:N_cid:13_s:29_d:4,/Volumes/hdd0620/rumen_microbiome_data/mizrahi_lab_files/fastq/pool2/13_4_CGGAGCCT-GTAAGGAG_L002_R1_001.fastq.gz,/Volumes/hdd0620/rumen_microbiome_data/mizrahi_lab_files/fastq/pool2/13_4_CGGAGCCT-GTAAGGAG_L002_R2_001.fastq.gz
41,13_15,10203,13,15,8,Starter_mixture+Milk_replacer,2,N,1,11.2.13,F,1,RUC,RUC_sx:F_dm:N_cid:13_s:10203_d:15,/Volumes/hdd0620/rumen_microbiome_data/mizrahi_lab_files/fastq/pool2/13_15_CGAGGCTG-GTAAGGAG_L002_R1_001.fastq.gz,/Volumes/hdd0620/rumen_microbiome_data/mizrahi_lab_files/fastq/pool2/13_15_CGAGGCTG-GTAAGGAG_L002_R2_001.fastq.gz
42,13_23,10326,13,23,9,Starter_mixture+Milk_replacer,2,N,1,11.2.13,F,1,RUC,RUC_sx:F_dm:N_cid:13_s:10326_d:23,/Volumes/hdd0620/rumen_microbiome_data/mizrahi_lab_files/fastq/pool2/13_23_AAGAGGCA-ACTGCATA_L002_R1_001.fastq.gz,/Volumes/hdd0620/rumen_microbiome_data/mizrahi_lab_files/fastq/pool2/13_23_AAGAGGCA-ACTGCATA_L002_R2_001.fastq.gz
43,13_50,11047,13,50,13,Starter_mixture+Milk_replacer,2,N,1,11.2.13,F,1,RUC,RUC_sx:F_dm:N_cid:13_s:11047_d:50,/Volumes/hdd0620/rumen_microbiome_data/mizrahi_lab_files/fastq/pool3/13_50_AAGAGGCA-GTAAGGAG_L003_R1_001.fastq.gz,/Volumes/hdd0620/rumen_microbiome_data/mizrahi_lab_files/fastq/pool3/13_50_AAGAGGCA-GTAAGGAG_L003_R2_001.fastq.gz
44,13_67,11075,13,67,15,Starter_mixture,3,N,1,11.2.13,F,1,RUC,RUC_sx:F_dm:N_cid:13_s:11075_d:67,/Volumes/hdd0620/rumen_microbiome_data/mizrahi_lab_files/fastq/pool3/13_67_TAGGCATG-CCTAGAGT_L003_R1_001.fastq.gz,/Volumes/hdd0620/rumen_microbiome_data/mizrahi_lab_files/fastq/pool3/13_67_TAGGCATG-CCTAGAGT_L003_R2_001.fastq.gz
45,13_101,11164,13,101,19,Low Fiber Diet,4,N,1,11.2.13,F,1,RUC,RUC_sx:F_dm:N_cid:13_s:11164_d:101,/Volumes/hdd0620/rumen_microbiome_data/mizrahi_lab_files/fastq/pool3/13_101_GCTCATGA-TTATGCGA_L003_R1_001.fastq.gz,/Volumes/hdd0620/rumen_microbiome_data/mizrahi_lab_files/fastq/pool3/13_101_GCTCATGA-TTATGCGA_L003_R2_001.fastq.gz
46,13_129,11198,13,129,23,Low Fiber Diet,4,N,1,11.2.13,F,1,RUC,RUC_sx:F_dm:N_cid:13_s:11198_d:129,/Volumes/hdd0620/rumen_microbiome_data/mizrahi_lab_files/fastq/pool3/13_129_GGACTCCT-GTAAGGAG_L003_R1_001.fastq.gz,/Volumes/hdd0620/rumen_microbiome_data/mizrahi_lab_files/fastq/pool3/13_129_GGACTCCT-GTAAGGAG_L003_R2_001.fastq.gz
47,13_171,21299,13,171,29,Low Fiber Diet,4,N,1,11.2.13,F,1,RUC,RUC_sx:F_dm:N_cid:13_s:21299_d:171,/Volumes/hdd0620/rumen_microbiome_data/mizrahi_lab_files/fastq/pool3/13_171_TAGCGCTC-GTAAGGAG_L003_R1_001.fastq.gz,/Volumes/hdd0620/rumen_microbiome_data/mizrahi_lab_files/fastq/pool3/13_171_TAGCGCTC-GTAAGGAG_L003_R2_001.fastq.gz
48,13_206,11717,13,206,34,High Fiber Diet,5,N,1,11.2.13,F,1,RUC,RUC_sx:F_dm:N_cid:13_s:11717_d:206,/Volumes/hdd0620/rumen_microbiome_data/mizrahi_lab_files/fastq/pool4/13_206_CGGAGCCT-TATCCTCT_L004_R1_001.fastq.gz,/Volumes/hdd0620/rumen_microbiome_data/mizrahi_lab_files/fastq/pool4/13_206_CGGAGCCT-TATCCTCT_L004_R2_001.fastq.gz
49,13_298,11532,13,298,45,High Fiber Diet,5,N,1,11.2.13,F,1,RUC,RUC_sx:F_dm:N_cid:13_s:11532_d:298,/Volumes/hdd0620/rumen_microbiome_data/mizrahi_lab_files/fastq/pool4/13_298_AAGAGGCA-ACTGCATA_L004_R1_001.fastq.gz,/Volumes/hdd0620/rumen_microbiome_data/mizrahi_lab_files/fastq/pool4/13_298_AAGAGGCA-ACTGCATA_L004_R2_001.fastq.gz
50,13_407,11579,13,407,51,High Fiber Diet,5,N,1,11.2.13,F,1,RUC,RUC_sx:F_dm:N_cid:13_s:11579_d:407,/Volumes/hdd0620/rumen_microbiome_data/mizrahi_lab_files/fastq/pool4/13_407_TAAGGCGA-CCTAGAGT_L004_R1_001.fastq.gz,/Volumes/hdd0620/rumen_microbiome_data/mizrahi_lab_files/fastq/pool4/13_407_TAAGGCGA-CCTAGAGT_L004_R2_001.fastq.gz
51,13_666,1622,13,666,55,High Fiber Diet,5,N,1,11.2.13,F,1,RUC,RUC_sx:F_dm:N_cid:13_s:1622_d:666,/Volumes/hdd0620/rumen_microbiome_data/mizrahi_lab_files/fastq/pool4/13_666_TAGGCATG-GCGTAAGA_L004_R1_001.fastq.gz,/Volumes/hdd0620/rumen_microbiome_data/mizrahi_lab_files/fastq/pool4/13_666_TAGGCATG-GCGTAAGA_L004_R2_001.fastq.gz
52,13_757,11799,13,757,56,Low Fiber Diet,6,N,1,11.2.13,F,1,RUC,RUC_sx:F_dm:N_cid:13_s:11799_d:757,/Volumes/hdd0620/rumen_microbiome_data/mizrahi_lab_files/fastq/pool4/13_757_TAGGCATG-ACTGCATA_L004_R1_001.fastq.gz,/Volumes/hdd0620/rumen_microbiome_data/mizrahi_lab_files/fastq/pool4/13_757_TAGGCATG-ACTGCATA_L004_R2_001.fastq.gz
53,15_2,10255,15,2,1,Colostrum,1,C,2,14.2.13,F,0,RUC,RUC_sx:F_dm:C_cid:15_s:10255_d:2,/Volumes/hdd0620/rumen_microbiome_data/mizrahi_lab_files/fastq/pool2/15_2_TAGGCATG-GCGTAAGA_L002_R1_001.fastq.gz,/Volumes/hdd0620/rumen_microbiome_data/mizrahi_lab_files/fastq/pool2/15_2_TAGGCATG-GCGTAAGA_L002_R2_001.fastq.gz
54,15_6,10205,15,6,5,Starter_mixture+Milk_replacer,2,C,2,14.2.13,F,0,RUC,RUC_sx:F_dm:C_cid:15_s:10205_d:6,/Volumes/hdd0620/rumen_microbiome_data/mizrahi_lab_files/fastq/pool4/15_6_TAGCGCTC-TCGACTAG_L004_R1_001.fastq.gz,/Volumes/hdd0620/rumen_microbiome_data/mizrahi_lab_files/fastq/pool4/15_6_TAGCGCTC-TCGACTAG_L004_R2_001.fastq.gz
55,15_15,31,15,15,8,Starter_mixture+Milk_replacer,2,C,2,14.2.13,F,0,RUC,RUC_sx:F_dm:C_cid:15_s:31_d:15,/Volumes/hdd0620/rumen_microbiome_data/mizrahi_lab_files/fastq/pool2/15_15_AAGAGGCA-GCGTAAGA_L002_R1_001.fastq.gz,/Volumes/hdd0620/rumen_microbiome_data/mizrahi_lab_files/fastq/pool2/15_15_AAGAGGCA-GCGTAAGA_L002_R2_001.fastq.gz
56,15_22,63,15,22,9,Starter_mixture+Milk_replacer,2,C,2,14.2.13,F,0,RUC,RUC_sx:F_dm:C_cid:15_s:63_d:22,/Volumes/hdd0620/rumen_microbiome_data/mizrahi_lab_files/fastq/pool2/15_22_GCTCATGA-GTAAGGAG_L002_R1_001.fastq.gz,/Volumes/hdd0620/rumen_microbiome_data/mizrahi_lab_files/fastq/pool2/15_22_GCTCATGA-GTAAGGAG_L002_R2_001.fastq.gz
57,15_50,11012,15,50,13,Starter_mixture+Milk_replacer,2,C,2,14.2.13,F,0,RUC,RUC_sx:F_dm:C_cid:15_s:11012_d:50,/Volumes/hdd0620/rumen_microbiome_data/mizrahi_lab_files/fastq/pool3/15_50_AGGCAGAA-TATCCTCT_L003_R1_001.fastq.gz,/Volumes/hdd0620/rumen_microbiome_data/mizrahi_lab_files/fastq/pool3/15_50_AGGCAGAA-TATCCTCT_L003_R2_001.fastq.gz
58,15_67,11264,15,67,15,Starter_mixture,3,C,2,14.2.13,F,0,RUC,RUC_sx:F_dm:C_cid:15_s:11264_d:67,/Volumes/hdd0620/rumen_microbiome_data/mizrahi_lab_files/fastq/pool3/15_67_CGAGGCTG-TTATGCGA_L003_R1_001.fastq.gz,/Volumes/hdd0620/rumen_microbiome_data/mizrahi_lab_files/fastq/pool3/15_67_CGAGGCTG-TTATGCGA_L003_R2_001.fastq.gz
59,15_98,1166,15,98,19,Low Fiber Diet,4,C,2,14.2.13,F,0,RUC,RUC_sx:F_dm:C_cid:15_s:1166_d:98,/Volumes/hdd0620/rumen_microbiome_data/mizrahi_lab_files/fastq/pool3/15_98_CGAGGCTG-TCGACTAG_L003_R1_001.fastq.gz,/Volumes/hdd0620/rumen_microbiome_data/mizrahi_lab_files/fastq/pool3/15_98_CGAGGCTG-TCGACTAG_L003_R2_001.fastq.gz
60,15_126,11200,15,126,23,Low Fiber Diet,4,C,2,14.2.13,F,0,RUC,RUC_sx:F_dm:C_cid:15_s:11200_d:126,/Volumes/hdd0620/rumen_microbiome_data/mizrahi_lab_files/fastq/pool3/15_126_CTCTCTAC-GCGTAAGA_L003_R1_001.fastq.gz,/Volumes/hdd0620/rumen_microbiome_data/mizrahi_lab_files/fastq/pool3/15_126_CTCTCTAC-GCGTAAGA_L003_R2_001.fastq.gz
61,15_146,10004,15,146,26,Low Fiber Diet,4,C,2,14.2.13,F,0,RUC,RUC_sx:F_dm:C_cid:15_s:10004_d:146,/Volumes/hdd0620/rumen_microbiome_data/mizrahi_lab_files/fastq/pool4/15_146_TAAGGCGA-TATCCTCT_L004_R1_001.fastq.gz,/Volumes/hdd0620/rumen_microbiome_data/mizrahi_lab_files/fastq/pool4/15_146_TAAGGCGA-TATCCTCT_L004_R2_001.fastq.gz
62,15_168,11348,15,168,29,Low Fiber Diet,4,C,2,14.2.13,F,0,RUC,RUC_sx:F_dm:C_cid:15_s:11348_d:168,/Volumes/hdd0620/rumen_microbiome_data/mizrahi_lab_files/fastq/pool3/15_168_GGACTCCT-GCGTAAGA_L003_R1_001.fastq.gz,/Volumes/hdd0620/rumen_microbiome_data/mizrahi_lab_files/fastq/pool3/15_168_GGACTCCT-GCGTAAGA_L003_R2_001.fastq.gz
63,15_203,11679,15,203,34,High Fiber Diet,5,C,2,14.2.13,F,0,RUC,RUC_sx:F_dm:C_cid:15_s:11679_d:203,/Volumes/hdd0620/rumen_microbiome_data/mizrahi_lab_files/fastq/pool4/15_203_GCTCATGA-CCTAGAGT_L004_R1_001.fastq.gz,/Volumes/hdd0620/rumen_microbiome_data/mizrahi_lab_files/fastq/pool4/15_203_GCTCATGA-CCTAGAGT_L004_R2_001.fastq.gz
64,15_404,11582,15,404,51,High Fiber Diet,5,C,2,14.2.13,F,0,RUC,RUC_sx:F_dm:C_cid:15_s:11582_d:404,/Volumes/hdd0620/rumen_microbiome_data/mizrahi_lab_files/fastq/pool4/15_404_GGACTCCT-TTATGCGA_L004_R1_001.fastq.gz,/Volumes/hdd0620/rumen_microbiome_data/mizrahi_lab_files/fastq/pool4/15_404_GGACTCCT-TTATGCGA_L004_R2_001.fastq.gz
65,15_689,1743,15,689,55,High Fiber Diet,5,C,2,14.2.13,F,0,RUC,RUC_sx:F_dm:C_cid:15_s:1743_d:689,/Volumes/hdd0620/rumen_microbiome_data/mizrahi_lab_files/fastq/pool4/15_689_AAGAGGCA-TATCCTCT_L004_R1_001.fastq.gz,/Volumes/hdd0620/rumen_microbiome_data/mizrahi_lab_files/fastq/pool4/15_689_AAGAGGCA-TATCCTCT_L004_R2_001.fastq.gz
66,15_754,11782,15,754,56,Low Fiber Diet,6,C,2,14.2.13,F,0,RUC,RUC_sx:F_dm:C_cid:15_s:11782_d:754,/Volumes/hdd0620/rumen_microbiome_data/mizrahi_lab_files/fastq/pool4/15_754_GTAGAGGA-GTAAGGAG_L004_R1_001.fastq.gz,/Volumes/hdd0620/rumen_microbiome_data/mizrahi_lab_files/fastq/pool4/15_754_GTAGAGGA-GTAAGGAG_L004_R2_001.fastq.gz
67,16_2,10254,16,2,1,Colostrum,1,N,1,17.2.13,M,1,RUC,RUC_sx:M_dm:N_cid:16_s:10254_d:2,/Volumes/hdd0620/rumen_microbiome_data/mizrahi_lab_files/fastq/pool2/16_2_AAGAGGCA-TATCCTCT_L002_R1_001.fastq.gz,/Volumes/hdd0620/rumen_microbiome_data/mizrahi_lab_files/fastq/pool2/16_2_AAGAGGCA-TATCCTCT_L002_R2_001.fastq.gz
68,16_6,10195,16,6,5,Starter_mixture+Milk_replacer,2,N,1,17.2.13,M,1,RUC,RUC_sx:M_dm:N_cid:16_s:10195_d:6,/Volumes/hdd0620/rumen_microbiome_data/mizrahi_lab_files/fastq/pool4/16_6_CGAGGCTG-GTAAGGAG_L004_R1_001.fastq.gz,/Volumes/hdd0620/rumen_microbiome_data/mizrahi_lab_files/fastq/pool4/16_6_CGAGGCTG-GTAAGGAG_L004_R2_001.fastq.gz
69,16_15,10206,16,15,8,Starter_mixture+Milk_replacer,2,N,1,17.2.13,M,1,RUC,RUC_sx:M_dm:N_cid:16_s:10206_d:15,/Volumes/hdd0620/rumen_microbiome_data/mizrahi_lab_files/fastq/pool2/16_15_GCTCATGA-ACTGCATA_L002_R1_001.fastq.gz,/Volumes/hdd0620/rumen_microbiome_data/mizrahi_lab_files/fastq/pool2/16_15_GCTCATGA-ACTGCATA_L002_R2_001.fastq.gz
70,16_23,10342,16,23,9,Starter_mixture+Milk_replacer,2,N,1,17.2.13,M,1,RUC,RUC_sx:M_dm:N_cid:16_s:10342_d:23,/Volumes/hdd0620/rumen_microbiome_data/mizrahi_lab_files/fastq/pool2/16_23_CGAGGCTG-GCGTAAGA_L002_R1_001.fastq.gz,/Volumes/hdd0620/rumen_microbiome_data/mizrahi_lab_files/fastq/pool2/16_23_CGAGGCTG-GCGTAAGA_L002_R2_001.fastq.gz
71,16_50,1154,16,50,13,Starter_mixture+Milk_replacer,2,N,1,17.2.13,M,1,RUC,RUC_sx:M_dm:N_cid:16_s:1154_d:50,/Volumes/hdd0620/rumen_microbiome_data/mizrahi_lab_files/fastq/pool3/16_50_TAGCGCTC-CCTAGAGT_L003_R1_001.fastq.gz,/Volumes/hdd0620/rumen_microbiome_data/mizrahi_lab_files/fastq/pool3/16_50_TAGCGCTC-CCTAGAGT_L003_R2_001.fastq.gz
72,16_67,1056,16,67,15,Starter_mixture,3,N,1,17.2.13,M,1,RUC,RUC_sx:M_dm:N_cid:16_s:1056_d:67,/Volumes/hdd0620/rumen_microbiome_data/mizrahi_lab_files/fastq/pool3/16_67_AAGAGGCA-TCGACTAG_L003_R1_001.fastq.gz,/Volumes/hdd0620/rumen_microbiome_data/mizrahi_lab_files/fastq/pool3/16_67_AAGAGGCA-TCGACTAG_L003_R2_001.fastq.gz
73,16_102,1180,16,102,20,Low Fiber Diet,4,N,1,17.2.13,M,1,RUC,RUC_sx:M_dm:N_cid:16_s:1180_d:102,/Volumes/hdd0620/rumen_microbiome_data/mizrahi_lab_files/fastq/pool3/16_102_AGGCAGAA-GCGTAAGA_L003_R1_001.fastq.gz,/Volumes/hdd0620/rumen_microbiome_data/mizrahi_lab_files/fastq/pool3/16_102_AGGCAGAA-GCGTAAGA_L003_R2_001.fastq.gz
74,16_123,10156,16,123,22,Low Fiber Diet,4,N,1,17.2.13,M,1,RUC,RUC_sx:M_dm:N_cid:16_s:10156_d:123,/Volumes/hdd0620/rumen_microbiome_data/mizrahi_lab_files/fastq/pool4/16_123_GTAGAGGA-TCGACTAG_L004_R1_001.fastq.gz,/Volumes/hdd0620/rumen_microbiome_data/mizrahi_lab_files/fastq/pool4/16_123_GTAGAGGA-TCGACTAG_L004_R2_001.fastq.gz
75,16_130,1220,16,130,23,Low Fiber Diet,4,N,1,17.2.13,M,1,RUC,RUC_sx:M_dm:N_cid:16_s:1220_d:130,/Volumes/hdd0620/rumen_microbiome_data/mizrahi_lab_files/fastq/pool3/16_130_TAGCGCTC-ACTGCATA_L003_R1_001.fastq.gz,/Volumes/hdd0620/rumen_microbiome_data/mizrahi_lab_files/fastq/pool3/16_130_TAGCGCTC-ACTGCATA_L003_R2_001.fastq.gz
76,16_172,11319,16,172,29,Low Fiber Diet,4,N,1,17.2.13,M,1,RUC,RUC_sx:M_dm:N_cid:16_s:11319_d:172,/Volumes/hdd0620/rumen_microbiome_data/mizrahi_lab_files/fastq/pool3/16_172_GTAGAGGA-TATCCTCT_L003_R1_001.fastq.gz,/Volumes/hdd0620/rumen_microbiome_data/mizrahi_lab_files/fastq/pool3/16_172_GTAGAGGA-TATCCTCT_L003_R2_001.fastq.gz
77,17_2,10232,17,2,1,Colostrum,1,N,1,12.3.13,M,1,RUC,RUC_sx:M_dm:N_cid:17_s:10232_d:2,/Volumes/hdd0620/rumen_microbiome_data/mizrahi_lab_files/fastq/pool2/17_2_CGTACTAG-CCTAGAGT_L002_R1_001.fastq.gz,/Volumes/hdd0620/rumen_microbiome_data/mizrahi_lab_files/fastq/pool2/17_2_CGTACTAG-CCTAGAGT_L002_R2_001.fastq.gz
78,17_6,33,17,6,5,Starter_mixture+Milk_replacer,2,N,1,12.3.13,M,1,RUC,RUC_sx:M_dm:N_cid:17_s:33_d:6,/Volumes/hdd0620/rumen_microbiome_data/mizrahi_lab_files/fastq/pool2/17_6_TAGGCATG-ACTGCATA_L002_R1_001.fastq.gz,/Volumes/hdd0620/rumen_microbiome_data/mizrahi_lab_files/fastq/pool2/17_6_TAGGCATG-ACTGCATA_L002_R2_001.fastq.gz
79,17_24,10346,17,24,9,Starter_mixture+Milk_replacer,2,N,1,12.3.13,M,1,RUC,RUC_sx:M_dm:N_cid:17_s:10346_d:24,/Volumes/hdd0620/rumen_microbiome_data/mizrahi_lab_files/fastq/pool2/17_24_CGTACTAG-TATCCTCT_L002_R1_001.fastq.gz,/Volumes/hdd0620/rumen_microbiome_data/mizrahi_lab_files/fastq/pool2/17_24_CGTACTAG-TATCCTCT_L002_R2_001.fastq.gz
80,17_50,1238,17,50,13,Starter_mixture+Milk_replacer,2,N,1,12.3.13,M,1,RUC,RUC_sx:M_dm:N_cid:17_s:1238_d:50,/Volumes/hdd0620/rumen_microbiome_data/mizrahi_lab_files/fastq/pool3/17_50_CGGAGCCT-TCGACTAG_L003_R1_001.fastq.gz,/Volumes/hdd0620/rumen_microbiome_data/mizrahi_lab_files/fastq/pool3/17_50_CGGAGCCT-TCGACTAG_L003_R2_001.fastq.gz
81,17_67,1155,17,67,15,Starter_mixture,3,N,1,12.3.13,M,1,RUC,RUC_sx:M_dm:N_cid:17_s:1155_d:67,/Volumes/hdd0620/rumen_microbiome_data/mizrahi_lab_files/fastq/pool3/17_67_GCTCATGA-CGTCTAAT_L003_R1_001.fastq.gz,/Volumes/hdd0620/rumen_microbiome_data/mizrahi_lab_files/fastq/pool3/17_67_GCTCATGA-CGTCTAAT_L003_R2_001.fastq.gz
82,17_100,11349,17,100,19,Low Fiber Diet,4,N,1,12.3.13,M,1,RUC,RUC_sx:M_dm:N_cid:17_s:11349_d:100,/Volumes/hdd0620/rumen_microbiome_data/mizrahi_lab_files/fastq/pool3/17_100_TAAGGCGA-ACTGCATA_L003_R1_001.fastq.gz,/Volumes/hdd0620/rumen_microbiome_data/mizrahi_lab_files/fastq/pool3/17_100_TAAGGCGA-ACTGCATA_L003_R2_001.fastq.gz
83,17_131,1221,17,131,24,Low Fiber Diet,4,N,1,12.3.13,M,1,RUC,RUC_sx:M_dm:N_cid:17_s:1221_d:131,/Volumes/hdd0620/rumen_microbiome_data/mizrahi_lab_files/fastq/pool3/17_131_TAGGCATG-TATCCTCT_L003_R1_001.fastq.gz,/Volumes/hdd0620/rumen_microbiome_data/mizrahi_lab_files/fastq/pool3/17_131_TAGGCATG-TATCCTCT_L003_R2_001.fastq.gz
84,17_170,1302,17,170,29,Low Fiber Diet,4,N,1,12.3.13,M,1,RUC,RUC_sx:M_dm:N_cid:17_s:1302_d:170,/Volumes/hdd0620/rumen_microbiome_data/mizrahi_lab_files/fastq/pool3/17_170_AAGAGGCA-CCTAGAGT_L003_R1_001.fastq.gz,/Volumes/hdd0620/rumen_microbiome_data/mizrahi_lab_files/fastq/pool3/17_170_AAGAGGCA-CCTAGAGT_L003_R2_001.fastq.gz
85,17_203,11785,17,203,34,High Fiber Diet,5,N,1,12.3.13,M,1,RUC,RUC_sx:M_dm:N_cid:17_s:11785_d:203,/Volumes/hdd0620/rumen_microbiome_data/mizrahi_lab_files/fastq/pool4/17_203_AGGCAGAA-TCGACTAG_L004_R1_001.fastq.gz,/Volumes/hdd0620/rumen_microbiome_data/mizrahi_lab_files/fastq/pool4/17_203_AGGCAGAA-TCGACTAG_L004_R2_001.fastq.gz
86,18_2,249,18,2,1,Colostrum,1,C,2,15.3.13,F,1,RUC,RUC_sx:F_dm:C_cid:18_s:249_d:2,/Volumes/hdd0620/rumen_microbiome_data/mizrahi_lab_files/fastq/pool2/18_2_CTCTCTAC-CGTCTAAT_L002_R1_001.fastq.gz,/Volumes/hdd0620/rumen_microbiome_data/mizrahi_lab_files/fastq/pool2/18_2_CTCTCTAC-CGTCTAAT_L002_R2_001.fastq.gz
87,18_6,10208,18,6,5,Starter_mixture+Milk_replacer,2,C,2,15.3.13,F,1,RUC,RUC_sx:F_dm:C_cid:18_s:10208_d:6,/Volumes/hdd0620/rumen_microbiome_data/mizrahi_lab_files/fastq/pool2/18_6_GTAGAGGA-GTAAGGAG_L002_R1_001.fastq.gz,/Volumes/hdd0620/rumen_microbiome_data/mizrahi_lab_files/fastq/pool2/18_6_GTAGAGGA-GTAAGGAG_L002_R2_001.fastq.gz
88,18_16,34,18,16,8,Starter_mixture+Milk_replacer,2,C,2,15.3.13,F,1,RUC,RUC_sx:F_dm:C_cid:18_s:34_d:16,/Volumes/hdd0620/rumen_microbiome_data/mizrahi_lab_files/fastq/pool2/18_16_TAAGGCGA-TATCCTCT_L002_R1_001.fastq.gz,/Volumes/hdd0620/rumen_microbiome_data/mizrahi_lab_files/fastq/pool2/18_16_TAAGGCGA-TATCCTCT_L002_R2_001.fastq.gz
89,18_22,315,18,22,9,Starter_mixture+Milk_replacer,2,C,2,15.3.13,F,1,RUC,RUC_sx:F_dm:C_cid:18_s:315_d:22,/Volumes/hdd0620/rumen_microbiome_data/mizrahi_lab_files/fastq/pool2/18_22_CTCTCTAC-CCTAGAGT_L002_R1_001.fastq.gz,/Volumes/hdd0620/rumen_microbiome_data/mizrahi_lab_files/fastq/pool2/18_22_CTCTCTAC-CCTAGAGT_L002_R2_001.fastq.gz
90,18_51,1333,18,51,13,Starter_mixture+Milk_replacer,2,C,2,15.3.13,F,1,RUC,RUC_sx:F_dm:C_cid:18_s:1333_d:51,/Volumes/hdd0620/rumen_microbiome_data/mizrahi_lab_files/fastq/pool3/18_51_TAGGCATG-CGTCTAAT_L003_R1_001.fastq.gz,/Volumes/hdd0620/rumen_microbiome_data/mizrahi_lab_files/fastq/pool3/18_51_TAGGCATG-CGTCTAAT_L003_R2_001.fastq.gz
91,18_68,1139,18,68,15,Starter_mixture,3,C,2,15.3.13,F,1,RUC,RUC_sx:F_dm:C_cid:18_s:1139_d:68,/Volumes/hdd0620/rumen_microbiome_data/mizrahi_lab_files/fastq/pool3/18_68_CGTACTAG-ACTGCATA_L003_R1_001.fastq.gz,/Volumes/hdd0620/rumen_microbiome_data/mizrahi_lab_files/fastq/pool3/18_68_CGTACTAG-ACTGCATA_L003_R2_001.fastq.gz
92,18_97,1350,18,97,19,Low Fiber Diet,4,C,2,15.3.13,F,1,RUC,RUC_sx:F_dm:C_cid:18_s:1350_d:97,/Volumes/hdd0620/rumen_microbiome_data/mizrahi_lab_files/fastq/pool3/18_97_CGTACTAG-GTAAGGAG_L003_R1_001.fastq.gz,/Volumes/hdd0620/rumen_microbiome_data/mizrahi_lab_files/fastq/pool3/18_97_CGTACTAG-GTAAGGAG_L003_R2_001.fastq.gz
93,18_128,1222,18,128,23,Low Fiber Diet,4,C,2,15.3.13,F,1,RUC,RUC_sx:F_dm:C_cid:18_s:1222_d:128,/Volumes/hdd0620/rumen_microbiome_data/mizrahi_lab_files/fastq/pool3/18_128_CGAGGCTG-CCTAGAGT_L003_R1_001.fastq.gz,/Volumes/hdd0620/rumen_microbiome_data/mizrahi_lab_files/fastq/pool3/18_128_CGAGGCTG-CCTAGAGT_L003_R2_001.fastq.gz
94,18_167,1303,18,167,29,Low Fiber Diet,4,C,2,15.3.13,F,1,RUC,RUC_sx:F_dm:C_cid:18_s:1303_d:167,/Volumes/hdd0620/rumen_microbiome_data/mizrahi_lab_files/fastq/pool3/18_167_CGTACTAG-CGTCTAAT_L003_R1_001.fastq.gz,/Volumes/hdd0620/rumen_microbiome_data/mizrahi_lab_files/fastq/pool3/18_167_CGTACTAG-CGTCTAAT_L003_R2_001.fastq.gz
95,18_201,11789,18,201,33,High Fiber Diet,5,C,2,15.3.13,F,1,RUC,RUC_sx:F_dm:C_cid:18_s:11789_d:201,/Volumes/hdd0620/rumen_microbiome_data/mizrahi_lab_files/fastq/pool4/18_201_TAAGGCGA-CGTCTAAT_L004_R1_001.fastq.gz,/Volumes/hdd0620/rumen_microbiome_data/mizrahi_lab_files/fastq/pool4/18_201_TAAGGCGA-CGTCTAAT_L004_R2_001.fastq.gz
96,18_410,11584,18,410,51,High Fiber Diet,5,C,2,15.3.13,F,1,RUC,RUC_sx:F_dm:C_cid:18_s:11584_d:410,/Volumes/hdd0620/rumen_microbiome_data/mizrahi_lab_files/fastq/pool4/18_410_CTCTCTAC-TCGACTAG_L004_R1_001.fastq.gz,/Volumes/hdd0620/rumen_microbiome_data/mizrahi_lab_files/fastq/pool4/18_410_CTCTCTAC-TCGACTAG_L004_R2_001.fastq.gz
97,18_697,11746,18,697,55,High Fiber Diet,5,C,2,15.3.13,F,1,RUC,RUC_sx:F_dm:C_cid:18_s:11746_d:697,/Volumes/hdd0620/rumen_microbiome_data/mizrahi_lab_files/fastq/pool4/18_697_CGTACTAG-CCTAGAGT_L004_R1_001.fastq.gz,/Volumes/hdd0620/rumen_microbiome_data/mizrahi_lab_files/fastq/pool4/18_697_CGTACTAG-CCTAGAGT_L004_R2_001.fastq.gz
98,19_2,35,19,2,1,Colostrum,1,C,2,20.3.13,F,0,RUC,RUC_sx:F_dm:C_cid:19_s:35_d:2,/Volumes/hdd0620/rumen_microbiome_data/mizrahi_lab_files/fastq/pool2/19_2_TAGCGCTC-TTATGCGA_L002_R1_001.fastq.gz,/Volumes/hdd0620/rumen_microbiome_data/mizrahi_lab_files/fastq/pool2/19_2_TAGCGCTC-TTATGCGA_L002_R2_001.fastq.gz
99,19_7,10267,19,7,5,Starter_mixture+Milk_replacer,2,C,2,20.3.13,F,0,RUC,RUC_sx:F_dm:C_cid:19_s:10267_d:7,/Volumes/hdd0620/rumen_microbiome_data/mizrahi_lab_files/fastq/pool2/19_7_GCTCATGA-TATCCTCT_L002_R1_001.fastq.gz,/Volumes/hdd0620/rumen_microbiome_data/mizrahi_lab_files/fastq/pool2/19_7_GCTCATGA-TATCCTCT_L002_R2_001.fastq.gz
100,19_16,10209,19,16,8,Starter_mixture+Milk_replacer,2,C,2,20.3.13,F,0,RUC,RUC_sx:F_dm:C_cid:19_s:10209_d:16,/Volumes/hdd0620/rumen_microbiome_data/mizrahi_lab_files/fastq/pool2/19_16_GGACTCCT-CCTAGAGT_L002_R1_001.fastq.gz,/Volumes/hdd0620/rumen_microbiome_data/mizrahi_lab_files/fastq/pool2/19_16_GGACTCCT-CCTAGAGT_L002_R2_001.fastq.gz
101,19_22,10298,19,22,9,Starter_mixture+Milk_replacer,2,C,2,20.3.13,F,0,RUC,RUC_sx:F_dm:C_cid:19_s:10298_d:22,/Volumes/hdd0620/rumen_microbiome_data/mizrahi_lab_files/fastq/pool2/19_22_GTAGAGGA-CGTCTAAT_L002_R1_001.fastq.gz,/Volumes/hdd0620/rumen_microbiome_data/mizrahi_lab_files/fastq/pool2/19_22_GTAGAGGA-CGTCTAAT_L002_R2_001.fastq.gz
102,19_53,1266,19,53,13,Starter_mixture+Milk_replacer,2,C,2,20.3.13,F,0,RUC,RUC_sx:F_dm:C_cid:19_s:1266_d:53,/Volumes/hdd0620/rumen_microbiome_data/mizrahi_lab_files/fastq/pool3/19_53_GTAGAGGA-TTATGCGA_L003_R1_001.fastq.gz,/Volumes/hdd0620/rumen_microbiome_data/mizrahi_lab_files/fastq/pool3/19_53_GTAGAGGA-TTATGCGA_L003_R2_001.fastq.gz
103,19_67,1059,19,67,15,Starter_mixture,3,C,2,20.3.13,F,0,RUC,RUC_sx:F_dm:C_cid:19_s:1059_d:67,/Volumes/hdd0620/rumen_microbiome_data/mizrahi_lab_files/fastq/pool3/19_67_AGGCAGAA-GTAAGGAG_L003_R1_001.fastq.gz,/Volumes/hdd0620/rumen_microbiome_data/mizrahi_lab_files/fastq/pool3/19_67_AGGCAGAA-GTAAGGAG_L003_R2_001.fastq.gz
104,19_99,21358,19,99,19,Low Fiber Diet,4,C,2,20.3.13,F,0,RUC,RUC_sx:F_dm:C_cid:19_s:21358_d:99,/Volumes/hdd0620/rumen_microbiome_data/mizrahi_lab_files/fastq/pool3/19_99_TAGCGCTC-TATCCTCT_L003_R1_001.fastq.gz,/Volumes/hdd0620/rumen_microbiome_data/mizrahi_lab_files/fastq/pool3/19_99_TAGCGCTC-TATCCTCT_L003_R2_001.fastq.gz
105,19_169,1304,19,169,29,Low Fiber Diet,4,C,2,20.3.13,F,0,RUC,RUC_sx:F_dm:C_cid:19_s:1304_d:169,/Volumes/hdd0620/rumen_microbiome_data/mizrahi_lab_files/fastq/pool3/19_169_AGGCAGAA-TTATGCGA_L003_R1_001.fastq.gz,/Volumes/hdd0620/rumen_microbiome_data/mizrahi_lab_files/fastq/pool3/19_169_AGGCAGAA-TTATGCGA_L003_R2_001.fastq.gz
106,19_204,11793,19,204,34,High Fiber Diet,5,C,2,20.3.13,F,0,RUC,RUC_sx:F_dm:C_cid:19_s:11793_d:204,/Volumes/hdd0620/rumen_microbiome_data/mizrahi_lab_files/fastq/pool4/19_204_CGTACTAG-TTATGCGA_L004_R1_001.fastq.gz,/Volumes/hdd0620/rumen_microbiome_data/mizrahi_lab_files/fastq/pool4/19_204_CGTACTAG-TTATGCGA_L004_R2_001.fastq.gz
107,19_302,11429,19,302,46,High Fiber Diet,5,C,2,20.3.13,F,0,RUC,RUC_sx:F_dm:C_cid:19_s:11429_d:302,/Volumes/hdd0620/rumen_microbiome_data/mizrahi_lab_files/fastq/pool4/19_302_GCTCATGA-GTAAGGAG_L004_R1_001.fastq.gz,/Volumes/hdd0620/rumen_microbiome_data/mizrahi_lab_files/fastq/pool4/19_302_GCTCATGA-GTAAGGAG_L004_R2_001.fastq.gz
108,19_405,11586,19,405,51,High Fiber Diet,5,C,2,20.3.13,F,0,RUC,RUC_sx:F_dm:C_cid:19_s:11586_d:405,/Volumes/hdd0620/rumen_microbiome_data/mizrahi_lab_files/fastq/pool4/19_405_TAGCGCTC-CGTCTAAT_L004_R1_001.fastq.gz,/Volumes/hdd0620/rumen_microbiome_data/mizrahi_lab_files/fastq/pool4/19_405_TAGCGCTC-CGTCTAAT_L004_R2_001.fastq.gz
109,19_692,11748,19,692,55,High Fiber Diet,5,C,2,20.3.13,F,0,RUC,RUC_sx:F_dm:C_cid:19_s:11748_d:692,/Volumes/hdd0620/rumen_microbiome_data/mizrahi_lab_files/fastq/pool4/19_692_CTCTCTAC-CGTCTAAT_L004_R1_001.fastq.gz,/Volumes/hdd0620/rumen_microbiome_data/mizrahi_lab_files/fastq/pool4/19_692_CTCTCTAC-CGTCTAAT_L004_R2_001.fastq.gz
110,20_2,10210,20,2,1,Colostrum,1,N,1,27.3.13,F,1,RUC,RUC_sx:F_dm:N_cid:20_s:10210_d:2,/Volumes/hdd0620/rumen_microbiome_data/mizrahi_lab_files/fastq/pool2/20_2_GGACTCCT-TCGACTAG_L002_R1_001.fastq.gz,/Volumes/hdd0620/rumen_microbiome_data/mizrahi_lab_files/fastq/pool2/20_2_GGACTCCT-TCGACTAG_L002_R2_001.fastq.gz
111,20_6,36,20,6,5,Starter_mixture+Milk_replacer,2,N,1,27.3.13,F,1,RUC,RUC_sx:F_dm:N_cid:20_s:36_d:6,/Volumes/hdd0620/rumen_microbiome_data/mizrahi_lab_files/fastq/pool2/20_6_AGGCAGAA-CCTAGAGT_L002_R1_001.fastq.gz,/Volumes/hdd0620/rumen_microbiome_data/mizrahi_lab_files/fastq/pool2/20_6_AGGCAGAA-CCTAGAGT_L002_R2_001.fastq.gz
112,20_15,44,20,15,8,Starter_mixture+Milk_replacer,2,N,1,27.3.13,F,1,RUC,RUC_sx:F_dm:N_cid:20_s:44_d:15,/Volumes/hdd0620/rumen_microbiome_data/mizrahi_lab_files/fastq/pool4/20_15_AGGCAGAA-CCTAGAGT_L004_R1_001.fastq.gz,/Volumes/hdd0620/rumen_microbiome_data/mizrahi_lab_files/fastq/pool4/20_15_AGGCAGAA-CCTAGAGT_L004_R2_001.fastq.gz
113,20_23,10320,20,23,9,Starter_mixture+Milk_replacer,2,N,1,27.3.13,F,1,RUC,RUC_sx:F_dm:N_cid:20_s:10320_d:23,/Volumes/hdd0620/rumen_microbiome_data/mizrahi_lab_files/fastq/pool2/20_23_CGGAGCCT-TTATGCGA_L002_R1_001.fastq.gz,/Volumes/hdd0620/rumen_microbiome_data/mizrahi_lab_files/fastq/pool2/20_23_CGGAGCCT-TTATGCGA_L002_R2_001.fastq.gz
114,20_51,1082,20,51,13,Starter_mixture+Milk_replacer,2,N,1,27.3.13,F,1,RUC,RUC_sx:F_dm:N_cid:20_s:1082_d:51,/Volumes/hdd0620/rumen_microbiome_data/mizrahi_lab_files/fastq/pool3/20_51_TAAGGCGA-GTAAGGAG_L003_R1_001.fastq.gz,/Volumes/hdd0620/rumen_microbiome_data/mizrahi_lab_files/fastq/pool3/20_51_TAAGGCGA-GTAAGGAG_L003_R2_001.fastq.gz
115,20_67,1141,20,67,15,Starter_mixture,3,N,1,27.3.13,F,1,RUC,RUC_sx:F_dm:N_cid:20_s:1141_d:67,/Volumes/hdd0620/rumen_microbiome_data/mizrahi_lab_files/fastq/pool3/20_67_TAAGGCGA-GCGTAAGA_L003_R1_001.fastq.gz,/Volumes/hdd0620/rumen_microbiome_data/mizrahi_lab_files/fastq/pool3/20_67_TAAGGCGA-GCGTAAGA_L003_R2_001.fastq.gz
116,20_98,1352,20,98,19,Low Fiber Diet,4,N,1,27.3.13,F,1,RUC,RUC_sx:F_dm:N_cid:20_s:1352_d:98,/Volumes/hdd0620/rumen_microbiome_data/mizrahi_lab_files/fastq/pool3/20_98_CGGAGCCT-CCTAGAGT_L003_R1_001.fastq.gz,/Volumes/hdd0620/rumen_microbiome_data/mizrahi_lab_files/fastq/pool3/20_98_CGGAGCCT-CCTAGAGT_L003_R2_001.fastq.gz
117,20_127,1224,20,127,23,Low Fiber Diet,4,N,1,27.3.13,F,1,RUC,RUC_sx:F_dm:N_cid:20_s:1224_d:127,/Volumes/hdd0620/rumen_microbiome_data/mizrahi_lab_files/fastq/pool3/20_127_TAAGGCGA-TTATGCGA_L003_R1_001.fastq.gz,/Volumes/hdd0620/rumen_microbiome_data/mizrahi_lab_files/fastq/pool3/20_127_TAAGGCGA-TTATGCGA_L003_R2_001.fastq.gz
118,20_162,72,20,162,28,Low Fiber Diet,4,N,1,27.3.13,F,1,RUC,RUC_sx:F_dm:N_cid:20_s:72_d:162,/Volumes/hdd0620/rumen_microbiome_data/mizrahi_lab_files/fastq/pool4/20_162_GCTCATGA-ACTGCATA_L004_R1_001.fastq.gz,/Volumes/hdd0620/rumen_microbiome_data/mizrahi_lab_files/fastq/pool4/20_162_GCTCATGA-ACTGCATA_L004_R2_001.fastq.gz
119,20_169,11305,20,169,29,Low Fiber Diet,4,N,1,27.3.13,F,1,RUC,RUC_sx:F_dm:N_cid:20_s:11305_d:169,/Volumes/hdd0620/rumen_microbiome_data/mizrahi_lab_files/fastq/pool4/20_169_TAAGGCGA-TCGACTAG_L004_R1_001.fastq.gz,/Volumes/hdd0620/rumen_microbiome_data/mizrahi_lab_files/fastq/pool4/20_169_TAAGGCGA-TCGACTAG_L004_R2_001.fastq.gz
120,20_204,11801,20,204,34,High Fiber Diet,5,N,1,27.3.13,F,1,RUC,RUC_sx:F_dm:N_cid:20_s:11801_d:204,/Volumes/hdd0620/rumen_microbiome_data/mizrahi_lab_files/fastq/pool4/20_204_TAGGCATG-GTAAGGAG_L004_R1_001.fastq.gz,/Volumes/hdd0620/rumen_microbiome_data/mizrahi_lab_files/fastq/pool4/20_204_TAGGCATG-GTAAGGAG_L004_R2_001.fastq.gz
121,20_398,11588,20,398,51,High Fiber Diet,5,N,1,27.3.13,F,1,RUC,RUC_sx:F_dm:N_cid:20_s:11588_d:398,/Volumes/hdd0620/rumen_microbiome_data/mizrahi_lab_files/fastq/pool4/20_398_GTAGAGGA-ACTGCATA_L004_R1_001.fastq.gz,/Volumes/hdd0620/rumen_microbiome_data/mizrahi_lab_files/fastq/pool4/20_398_GTAGAGGA-ACTGCATA_L004_R2_001.fastq.gz
122,20_685,11804,20,685,55,High Fiber Diet,5,N,1,27.3.13,F,1,RUC,RUC_sx:F_dm:N_cid:20_s:11804_d:685,/Volumes/hdd0620/rumen_microbiome_data/mizrahi_lab_files/fastq/pool4/20_685_TAGCGCTC-TTATGCGA_L004_R1_001.fastq.gz,/Volumes/hdd0620/rumen_microbiome_data/mizrahi_lab_files/fastq/pool4/20_685_TAGCGCTC-TTATGCGA_L004_R2_001.fastq.gz
123,20_754,11805,20,754,56,Low Fiber Diet,6,N,1,27.3.13,F,1,RUC,RUC_sx:F_dm:N_cid:20_s:11805_d:754,/Volumes/hdd0620/rumen_microbiome_data/mizrahi_lab_files/fastq/pool4/20_754_GCTCATGA-TATCCTCT_L004_R1_001.fastq.gz,/Volumes/hdd0620/rumen_microbiome_data/mizrahi_lab_files/fastq/pool4/20_754_GCTCATGA-TATCCTCT_L004_R2_001.fastq.gz
